lui;luis;Luis12@;luisGraduado1.;Luis1234.;0;;;
hamilton;;alex@;Hamilton123.;Hamilton123.;2;;;
miki;mika;m@;Mika123.;Mika123.;3;;;
lin;link;link@;Linkzelda1.;Linkzelda1.;3
joshu;joshua;vt@;svtJoshua1.;svtJoshua1.;1
ri;ritiki;r@;Rita123.;Rita123.;5
tony;stark;s@;Ironman1.;Ironman1.;5
steve;rogers;s@;America1.;America1.;3
lauf;loki;l@;Lokiii3.;Lokiii3.;1
angela;angie;a@;Angie123.;Angie123.;1
